{
  "accuracy": 0.3006671267540833,
  "f1_macro": 0.2798577798004139,
  "labels": [
    "left",
    "center",
    "right"
  ],
  "confusion_matrix": [
    [
      791,
      536,
      726
    ],
    [
      275,
      224,
      351
    ],
    [
      641,
      511,
      292
    ]
  ]
}