{
  "accuracy": 0.5252989880404784,
  "f1_macro": 0.5057544970267321,
  "f1_weighted": 0.5310036755817569,
  "labels": [
    "left",
    "center",
    "right"
  ],
  "confusion_matrix": [
    [
      1180,
      474,
      399
    ],
    [
      246,
      438,
      166
    ],
    [
      448,
      331,
      666
    ]
  ]
}